Site,Router_Type,IOS_Image,No_of_routers,Unit_price($),Purchase_Date
NYNY,ISR4351/K9,isr4300-universalk9.16.09.05.SPA.bin,4,$ 9100.00,1-Mar-20
LACA,ISR4331/K9,isr4300-universalk9.16.09.05.SPA.bin,2,$ 5162.00,1-Mar-20
LDUK,ISR4321/K9,isr4300-universalk9.16.09.05.SPA.bin,1,$ 2370.00,3-Apr-20
HKCN,ISR4331/K9,isr4300-universalk9.16.09.05.SPA.bin,2,$ 5162.00,17 -Apr-20
TKJP,ISR4351/K9,isr4300-universalk9.16.09.05.SPA.bin,1,$ 9100.00,15 -May-20
MHGM,ISR4331/K9,isr4300-universalk9.16.09.05.SPA.bin,2,$ 5162.00,30 -Jun-20
